"","y.300.comps"
"1461",125870.826631764
"1462",159037.959763512
"1463",188493.738603204
"1464",200440.924478502
"1465",199589.420741983
"1466",171677.885992896
"1467",176668.654732552
"1468",161732.355291684
"1469",192706.276324627
"1470",122331.860385617
"1471",172597.1974615
"1472",94213.2147657738
"1473",98360.9274851851
"1474",147691.040656476
"1475",115163.270061913
"1476",353598.388817149
"1477",256111.747176224
"1478",293850.949094053
"1479",284148.133094383
"1480",499407.499302416
"1481",337663.458211423
"1482",218259.886678097
"1483",173583.664456396
"1484",156365.783581691
"1485",184746.42755015
"1486",188559.902495234
"1487",334014.85094024
"1488",220527.923281974
"1489",193739.670042159
"1490",253951.990078318
"1491",194108.070838802
"1492",97088.9821474411
"1493",173402.324901746
"1494",289498.341226558
"1495",293118.759933522
"1496",235146.898596296
"1497",172979.495740866
"1498",181340.436575009
"1499",164201.57988348
"1500",161107.966257638
"1501",178925.815880751
"1502",138813.83210861
"1503",295253.233011821
"1504",247787.358739283
"1505",231068.965427863
"1506",192981.405964651
"1507",242492.828806919
"1508",204729.814573295
"1509",156749.198265745
"1510",150382.388285046
"1511",166873.930058956
"1512",184798.58653693
"1513",144968.203964825
"1514",162020.114330828
"1515",181816.991764678
"1516",147769.937247517
"1517",165031.744855537
"1518",127291.411284829
"1519",199875.902476793
"1520",130956.867339459
"1521",136323.282865731
"1522",177422.372134362
"1523",120974.008249905
"1524",129571.471977489
"1525",120188.363957911
"1526",112716.30825036
"1527",108325.461595949
"1528",126699.41560989
"1529",162646.797578964
"1530",201689.601526672
"1531",107770.681076446
"1532",88814.9257439951
"1533",151547.976707697
"1534",104722.238086892
"1535",152700.462574977
"1536",107796.995489959
"1537",86359.9755965706
"1538",167931.43249388
"1539",223388.044800112
"1540",81960.0925804912
"1541",148931.183721719
"1542",140841.786254865
"1543",195669.289250906
"1544",83621.8951880626
"1545",122427.095875572
"1546",134268.16350102
"1547",139470.944063475
"1548",141220.531815659
"1549",121303.02807072
"1550",141621.904021409
"1551",98871.7944847159
"1552",139744.680607323
"1553",146199.98341987
"1554",118326.821596309
"1555",164858.081556589
"1556",80255.9658785263
"1557",117580.793607603
"1558",106706.257681598
"1559",65036.9120971334
"1560",128113.711925564
"1561",111292.686269723
"1562",129822.80760369
"1563",121293.773737159
"1564",165184.165366017
"1565",158623.530411694
"1566",246810.029052472
"1567",83161.2678115346
"1568",247068.136438154
"1569",145029.047808718
"1570",131592.848875224
"1571",114017.132811674
"1572",139118.116919634
"1573",215444.053645851
"1574",118787.220826962
"1575",237020.109932804
"1576",224315.40772673
"1577",175837.628733096
"1578",158347.844318496
"1579",148093.854156569
"1580",193605.208133826
"1581",150342.237216053
"1582",131054.817870291
"1583",289381.303946375
"1584",216000.34379754
"1585",132444.957673647
"1586",70965.7320676998
"1587",115513.494678245
"1588",155896.456684935
"1589",104315.556489257
"1590",127979.873965996
"1591",98456.2788311881
"1592",124790.331353725
"1593",124059.382985761
"1594",0
"1595",141746.21482607
"1596",222121.93137128
"1597",209335.545747935
"1598",227077.343676386
"1599",179175.802855786
"1600",163871.184450042
"1601",68294.9972981138
"1602",118483.102537042
"1603",55591.6828152101
"1604",270850.725616557
"1605",233682.170210135
"1606",166830.648673103
"1607",159709.14866656
"1608",216693.593684028
"1609",173447.31119768
"1610",155750.229650914
"1611",138660.35252232
"1612",175090.643563893
"1613",168298.260092171
"1614",133699.81186645
"1615",86588.9078914887
"1616",78257.0031149289
"1617",89966.8047281698
"1618",140285.203928852
"1619",138398.242723423
"1620",144770.361576018
"1621",133596.826640187
"1622",150562.62648111
"1623",260349.429748384
"1624",200664.318336061
"1625",110301.981845184
"1626",172888.458416778
"1627",193766.277963962
"1628",273968.170321934
"1629",179411.081692195
"1630",338310.695839661
"1631",236177.127160164
"1632",249416.603256394
"1633",163966.230084527
"1634",180120.147719308
"1635",174061.081562609
"1636",150436.322303166
"1637",211875.856235852
"1638",185620.973582903
"1639",186506.774043505
"1640",243971.829424931
"1641",183150.75314441
"1642",256201.645918291
"1643",231851.258610361
"1644",243694.644759904
"1645",194683.521842081
"1646",157878.590805267
"1647",152028.568141662
"1648",131031.822902936
"1649",142357.459887189
"1650",112498.948927336
"1651",117763.93842741
"1652",98476.5622887207
"1653",101270.541386697
"1654",146387.493679205
"1655",132749.460102351
"1656",144606.986320669
"1657",155895.267293898
"1658",147625.701107439
"1659",122612.176467527
"1660",156158.343433854
"1661",420613.870678266
"1662",419255.440664699
"1663",394861.955836464
"1664",460700.969609773
"1665",326658.490383312
"1666",307422.621981465
"1667",398840.365089362
"1668",364327.701696373
"1669",322060.6359453
"1670",358271.816484482
"1671",269751.556384208
"1672",441802.875960223
"1673",302529.502926032
"1674",246557.83450307
"1675",202601.067670023
"1676",200649.009447527
"1677",229162.347893398
"1678",432696.065176737
"1679",401539.3893699
"1680",341263.385996116
"1681",262958.52179449
"1682",323291.546054646
"1683",192518.178461262
"1684",175659.295119276
"1685",171992.525564005
"1686",166811.557512949
"1687",164075.099998274
"1688",181866.936151437
"1689",190270.918739629
"1690",191006.874258942
"1691",183878.807653714
"1692",261591.841316092
"1693",165557.622426181
"1694",183779.22986431
"1695",165392.238407626
"1696",283496.350431218
"1697",174706.345268863
"1698",346056.170821157
"1699",316813.651788832
"1700",262351.3409415
"1701",266452.278617721
"1702",220809.078942226
"1703",221068.665905415
"1704",274185.638557456
"1705",233034.111824372
"1706",349257.608968192
"1707",206066.51513682
"1708",205863.805911639
"1709",278473.688304659
"1710",226050.589177113
"1711",284211.008517965
"1712",251641.440482805
"1713",283107.294644761
"1714",225279.274243464
"1715",210710.355380182
"1716",184595.672230624
"1717",173887.203001651
"1718",136756.63686677
"1719",202120.917529852
"1720",190738.925285931
"1721",150851.226846045
"1722",122591.598147868
"1723",154854.475766367
"1724",196424.626709014
"1725",242381.849802218
"1726",184905.770109004
"1727",150852.37775396
"1728",157791.889320596
"1729",176327.971296514
"1730",159232.216438732
"1731",115937.293254784
"1732",124404.387083432
"1733",112791.14936094
"1734",133019.137923746
"1735",106430.632965212
"1736",103830.414894493
"1737",333296.994084057
"1738",274503.787297779
"1739",221416.382813959
"1740",215146.74787997
"1741",195569.294650417
"1742",172138.241326494
"1743",172424.781249613
"1744",418434.189116388
"1745",212139.507112158
"1746",174324.220435434
"1747",203569.451816437
"1748",229417.752128019
"1749",143352.531938516
"1750",120065.553509697
"1751",248245.274476963
"1752",116966.118620534
"1753",155274.457547468
"1754",199367.223537232
"1755",165369.526799638
"1756",133644.740586435
"1757",120591.586230097
"1758",157389.112304653
"1759",170622.824278608
"1760",169194.310649494
"1761",152350.196278733
"1762",190334.80214555
"1763",194910.908091667
"1764",119828.536644414
"1765",146906.629463423
"1766",197218.988547576
"1767",216849.054068938
"1768",144835.542347056
"1769",166007.898812433
"1770",147339.899261707
"1771",120998.007549489
"1772",135258.278843827
"1773",129388.718882412
"1774",140405.127769327
"1775",141463.161115932
"1776",131544.66695758
"1777",105422.064510415
"1778",136830.736228246
"1779",132215.77839786
"1780",167383.966737085
"1781",126717.783097862
"1782",93023.2893194122
"1783",146645.713028985
"1784",113898.021280348
"1785",121353.939527866
"1786",144566.171322951
"1787",153245.493589931
"1788",69449.9206792694
"1789",97662.5131828819
"1790",86040.3555977677
"1791",182180.789474832
"1792",156707.34730204
"1793",130489.11665409
"1794",147669.633136975
"1795",139895.091084031
"1796",119497.134197712
"1797",107769.036638903
"1798",121302.102605591
"1799",107794.528240771
"1800",128884.280072755
"1801",130501.063836416
"1802",130097.457745235
"1803",147614.438589909
"1804",138049.182477479
"1805",130202.71217222
"1806",119400.534041106
"1807",130703.336185222
"1808",120082.043136516
"1809",126580.574680784
"1810",142100.286472885
"1811",88333.105694878
"1812",106918.134832482
"1813",150211.533756386
"1814",109021.915345649
"1815",59708.0959291886
"1816",93224.3546222966
"1817",116400.827327059
"1818",153123.948102472
"1819",128827.260766096
"1820",44738.4077961693
"1821",112763.615820405
"1822",152667.845720882
"1823",36444.0107449399
"1824",118643.210535072
"1825",149068.73402799
"1826",108568.712864549
"1827",105791.888367903
"1828",138765.123643669
"1829",110802.989414112
"1830",135394.563375051
"1831",144902.963491683
"1832",68567.527447538
"1833",132309.623236269
"1834",121072.805123351
"1835",125929.419675082
"1836",116116.992239079
"1837",82272.0872367123
"1838",130227.548737249
"1839",97953.5372130672
"1840",143820.300382395
"1841",134675.460777372
"1842",95155.1946284189
"1843",134096.177100231
"1844",134836.873708644
"1845",150048.886602453
"1846",162037.42087032
"1847",184953.74077894
"1848",79654.4988425634
"1849",108032.466076801
"1850",117039.316729485
"1851",145336.976750699
"1852",123311.076041313
"1853",123757.817251454
"1854",168232.788125455
"1855",151331.917859595
"1856",227309.612379115
"1857",127618.138434038
"1858",133819.210836397
"1859",114361.254342793
"1860",142342.255282053
"1861",114010.173970527
"1862",313328.176884606
"1863",289065.760115671
"1864",289158.401620284
"1865",342831.762399334
"1866",334642.329036209
"1867",219720.126520238
"1868",281105.662531015
"1869",198544.515958602
"1870",220571.672478798
"1871",251261.592835476
"1872",175006.506143212
"1873",246721.543397043
"1874",162073.276011659
"1875",189108.805680115
"1876",209828.032024742
"1877",209896.880333571
"1878",202777.356799189
"1879",136100.890744598
"1880",129294.972889208
"1881",234795.531793346
"1882",241516.11226077
"1883",185647.882870395
"1884",206359.144988773
"1885",223638.719724952
"1886",284111.281554635
"1887",214499.355293021
"1888",260254.104395297
"1889",175924.850110111
"1890",104547.410349672
"1891",116862.648256203
"1892",100585.994829215
"1893",143620.737316081
"1894",121761.072212127
"1895",136852.660633617
"1896",122428.029923751
"1897",119919.078532743
"1898",114420.600220484
"1899",155275.642202084
"1900",152835.663793946
"1901",187341.050679315
"1902",169975.783329579
"1903",229151.857913714
"1904",144862.064955072
"1905",206997.761221912
"1906",118626.918488274
"1907",204556.509903718
"1908",111449.029611518
"1909",127846.175824401
"1910",121814.964003928
"1911",239601.884117733
"1912",345607.627923729
"1913",135861.239119012
"1914",43158.3120750373
"1915",324668.32027953
"1916",80701.7322897828
"1917",227759.223242134
"1918",138921.898831961
"1919",171141.707713739
"1920",160386.841113817
"1921",394302.0175033
"1922",311790.089162029
"1923",236516.125253649
"1924",240903.298016637
"1925",188061.369227418
"1926",373386.009674464
"1927",134787.504011127
"1928",171069.908860302
"1929",119733.495559963
"1930",123541.784862848
"1931",133317.840311637
"1932",139656.216733634
"1933",219172.649319689
"1934",182713.910853866
"1935",168601.560324632
"1936",196276.321228066
"1937",184388.760358122
"1938",171197.862351574
"1939",248482.132544177
"1940",199726.514983329
"1941",167309.914899857
"1942",168844.851648531
"1943",232162.791434066
"1944",394425.376507858
"1945",419623.448576664
"1946",163842.431500718
"1947",295327.578282625
"1948",170362.673040236
"1949",260536.209716689
"1950",191012.703415095
"1951",227111.995572929
"1952",198046.780103887
"1953",173985.403121316
"1954",180978.316969673
"1955",137363.13255935
"1956",298925.09518816
"1957",149579.118043927
"1958",262910.377059011
"1959",150398.451714901
"1960",113630.691830156
"1961",122800.347501963
"1962",94799.4069685171
"1963",101872.660089824
"1964",109595.678465159
"1965",147527.745979899
"1966",140794.514537342
"1967",293963.065718443
"1968",428144.695787352
"1969",398268.707984693
"1970",407076.202353602
"1971",426817.298433023
"1972",373309.102448069
"1973",275298.674794527
"1974",348991.248180503
"1975",8397.05981768605
"1976",281281.580165586
"1977",345707.839973579
"1978",342316.876472328
"1979",326842.965734524
"1980",216835.819056945
"1981",351248.406302369
"1982",226578.942195653
"1983",203972.10543041
"1984",161689.173859139
"1985",232630.875718448
"1986",213443.148636239
"1987",187222.456433208
"1988",171201.780804522
"1989",188464.978935478
"1990",206716.842382938
"1991",239896.375733523
"1992",208320.658972863
"1993",169492.759948573
"1994",225800.656224609
"1995",181282.338139005
"1996",258672.450672296
"1997",328658.352469767
"1998",311709.221484558
"1999",289763.506238309
"2000",342478.83834644
"2001",293150.07006693
"2002",241166.267762535
"2003",251793.156073946
"2004",278873.396991762
"2005",221154.700265882
"2006",226273.175850768
"2007",257061.181786848
"2008",223399.97532738
"2009",208915.928663951
"2010",191234.343218321
"2011",135022.171180438
"2012",171921.681421418
"2013",178037.983554563
"2014",179872.960107823
"2015",215850.432225886
"2016",190587.642170793
"2017",194628.572854471
"2018",115559.331267264
"2019",128490.575709244
"2020",95460.593808416
"2021",97000.135206616
"2022",197202.437965876
"2023",141870.634746451
"2024",283044.663393555
"2025",375279.488705391
"2026",178047.492062592
"2027",164688.370378464
"2028",151416.225010849
"2029",174771.66975669
"2030",283966.089663755
"2031",246907.965054657
"2032",264536.107229033
"2033",276329.778414192
"2034",172274.879825642
"2035",239127.070704343
"2036",198193.399121033
"2037",224262.36088697
"2038",303803.952243197
"2039",220665.930998615
"2040",256726.03163642
"2041",Inf
"2042",215736.832370198
"2043",185779.653040189
"2044",161701.510234717
"2045",212823.613106648
"2046",162206.875309607
"2047",142974.613181337
"2048",135814.60287035
"2049",143267.249260775
"2050",170475.790049209
"2051",99940.3814381585
"2052",127131.27129657
"2053",148687.089199889
"2054",88902.3797027051
"2055",161067.409207565
"2056",136821.341129768
"2057",113693.128180517
"2058",211268.929012087
"2059",140574.480387403
"2060",180820.979333952
"2061",168214.819884688
"2062",131603.893050027
"2063",123908.981050005
"2064",144023.437141587
"2065",120390.265531328
"2066",165896.480720461
"2067",95747.9783019916
"2068",147013.144879912
"2069",87443.982043472
"2070",115954.100568608
"2071",92392.376023032
"2072",129893.149982451
"2073",124629.534419689
"2074",153975.620519212
"2075",148818.736972042
"2076",118390.031814147
"2077",166540.698691287
"2078",125234.787769988
"2079",125109.684303528
"2080",119861.453055146
"2081",123205.7526956
"2082",119487.106019913
"2083",152590.990699299
"2084",113103.954041282
"2085",113978.864440912
"2086",97599.9443433478
"2087",123887.239896032
"2088",92155.1305569647
"2089",81391.1720574407
"2090",126692.649311771
"2091",126696.515723591
"2092",124456.600195689
"2093",117613.092572482
"2094",104355.357306988
"2095",152344.38469081
"2096",78848.5192964851
"2097",98638.9804542971
"2098",161831.099018572
"2099",59410.0104697265
"2100",77288.063113974
"2101",120217.710402389
"2102",123000.067796674
"2103",107407.050231462
"2104",110888.40365053
"2105",128258.453275427
"2106",102902.212580203
"2107",194711.74491816
"2108",122351.461634364
"2109",117879.897794853
"2110",126006.3043541
"2111",120363.631837651
"2112",140263.799738551
"2113",121365.050321461
"2114",114240.911721933
"2115",170176.908135154
"2116",110358.379259857
"2117",152522.319720711
"2118",118411.711661206
"2119",116159.523338868
"2120",109116.778510673
"2121",0
"2122",121958.171777487
"2123",77153.1486071086
"2124",151694.887721375
"2125",115150.969954502
"2126",149895.564180791
"2127",0
"2128",111772.608113876
"2129",79947.347054704
"2130",142793.653380965
"2131",142516.119014307
"2132",104327.495140422
"2133",125251.98733185
"2134",115801.155418365
"2135",94910.8547870806
"2136",80485.2947614707
"2137",107929.48740043
"2138",137841.851684105
"2139",143304.417521792
"2140",136211.002206542
"2141",153203.409237695
"2142",133250.726339822
"2143",147360.134707123
"2144",109734.567075592
"2145",136321.202753383
"2146",182921.734436635
"2147",149069.871336512
"2148",125119.229779066
"2149",127132.241234896
"2150",235272.51412863
"2151",111118.757678128
"2152",146415.41754074
"2153",166048.433032427
"2154",101145.452173203
"2155",126509.130597787
"2156",265660.637823712
"2157",227398.075558865
"2158",241447.944879501
"2159",209808.822574014
"2160",180111.902662004
"2161",233172.830011285
"2162",401214.789385501
"2163",321974.647958534
"2164",251117.860924756
"2165",193315.914745639
"2166",165399.809636751
"2167",221436.655017215
"2168",188380.163478985
"2169",195667.796418395
"2170",224493.462994469
"2171",164068.8411493
"2172",131266.96159711
"2173",191791.031775443
"2174",220607.014704487
"2175",290975.296949908
"2176",321106.230247259
"2177",236299.687366261
"2178",212812.247402978
"2179",134004.132167346
"2180",216639.043601039
"2181",195181.739583021
"2182",224069.102783572
"2183",185942.723988279
"2184",118836.169736374
"2185",117341.51963625
"2186",Inf
"2187",141025.652088606
"2188",147400.613935655
"2189",279633.998099492
"2190",83308.5952275421
"2191",77849.0882695922
"2192",79307.6429130753
"2193",110756.50438306
"2194",97100.0937354807
"2195",109260.061634127
"2196",104527.471415238
"2197",120174.610278218
"2198",158082.285647502
"2199",194841.029166897
"2200",140688.21117537
"2201",143281.45951625
"2202",243770.885629743
"2203",132302.557328739
"2204",188370.103161503
"2205",132420.708497734
"2206",145819.007931662
"2207",212589.92649341
"2208",283818.806597655
"2209",273809.360312314
"2210",119393.246633251
"2211",113000.451665528
"2212",127344.836094858
"2213",111236.660053037
"2214",145041.219641527
"2215",103725.901987416
"2216",156883.196473118
"2217",43308.7214971107
"2218",0
"2219",0
"2220",57271.084822797
"2221",319283.836067494
"2222",294780.565046554
"2223",277290.689439879
"2224",198956.962412902
"2225",124547.788322173
"2226",193413.281560889
"2227",193131.642204754
"2228",267213.657572475
"2229",244489.835910136
"2230",161392.151697568
"2231",205172.328082308
"2232",185109.025286226
"2233",173869.957353912
"2234",241361.381623799
"2235",218106.742878235
"2236",244381.671897265
"2237",298462.488166141
"2238",186888.510422645
"2239",99855.78147494
"2240",151417.380229374
"2241",157390.313092866
"2242",119903.526071986
"2243",119957.510908347
"2244",106825.183108585
"2245",106944.241079412
"2246",139305.046505663
"2247",101465.432170385
"2248",118889.674010911
"2249",119224.849338534
"2250",130811.076797267
"2251",125300.732252724
"2252",183857.76559823
"2253",156032.106762722
"2254",177212.684224931
"2255",183609.65111583
"2256",166096.580273704
"2257",212413.209348875
"2258",153899.281300278
"2259",175440.982520553
"2260",137561.346966803
"2261",199856.079342335
"2262",222247.371310875
"2263",408716.224745518
"2264",483392.822844689
"2265",151161.137801759
"2266",333233.42878971
"2267",349470.843963077
"2268",397773.732318468
"2269",144897.435987727
"2270",198611.177222396
"2271",212453.727817338
"2272",196675.052572506
"2273",157533.272321725
"2274",181361.190528563
"2275",141659.726199291
"2276",172349.814240514
"2277",169231.749445357
"2278",142052.592356097
"2279",125731.65748627
"2280",114355.14695598
"2281",162838.007960612
"2282",177235.670148759
"2283",107595.689366512
"2284",114702.913977938
"2285",150640.758460926
"2286",124222.28750082
"2287",385974.039353758
"2288",283405.522952892
"2289",376122.201123711
"2290",446983.425921814
"2291",344042.301220907
"2292",425718.067498876
"2293",478476.085816126
"2294",424676.744416192
"2295",461224.982946481
"2296",281449.018617008
"2297",351849.1975657
"2298",375554.45229454
"2299",346719.495708089
"2300",332121.72953984
"2301",325578.661490464
"2302",259158.391032045
"2303",245033.243952003
"2304",246559.71559724
"2305",203124.196420894
"2306",200904.821064896
"2307",212102.284970156
"2308",243596.124822633
"2309",302497.191014613
"2310",211228.636504511
"2311",207546.493110638
"2312",177277.593332645
"2313",175647.233966778
"2314",180963.129302183
"2315",179078.771933133
"2316",200398.110250712
"2317",199193.899085348
"2318",177972.796034615
"2319",186378.753962168
"2320",183868.98772815
"2321",240987.858384095
"2322",181909.954811286
"2323",197380.05305833
"2324",176012.114751862
"2325",207839.638945266
"2326",169910.955079783
"2327",201661.905576673
"2328",216475.475732328
"2329",196084.738694501
"2330",182582.922157457
"2331",338566.321837449
"2332",411252.971329254
"2333",312454.472733686
"2334",264958.258027415
"2335",298228.040224317
"2336",306752.555029972
"2337",190797.143069347
"2338",260343.470891032
"2339",210209.383027684
"2340",341815.802822209
"2341",208489.199326912
"2342",235892.600305047
"2343",228713.457038879
"2344",214165.768914215
"2345",225169.301448849
"2346",215212.415476408
"2347",203992.336821344
"2348",246732.83767151
"2349",190420.497649962
"2350",313036.671048383
"2351",263036.775794027
"2352",257899.988798904
"2353",244777.26237982
"2354",144286.292695553
"2355",139486.906159685
"2356",149330.543629775
"2357",186437.063320322
"2358",206170.304006634
"2359",136720.1237802
"2360",112559.904654775
"2361",149173.402742347
"2362",251820.051920905
"2363",140036.04760863
"2364",136979.055421557
"2365",215773.046120292
"2366",198814.328975601
"2367",228383.900056754
"2368",218538.150771061
"2369",238820.768725158
"2370",170796.044744016
"2371",156430.217571496
"2372",191993.066537538
"2373",290733.42131424
"2374",337295.267109788
"2375",247362.368423831
"2376",279926.431921871
"2377",310572.165314889
"2378",154599.493610536
"2379",214730.225979067
"2380",128070.712220987
"2381",170699.644748779
"2382",212770.0372461
"2383",204229.037420751
"2384",235159.457130878
"2385",156347.88996178
"2386",127969.133918217
"2387",134309.145145699
"2388",99626.7309917526
"2389",113917.140289529
"2390",155654.008709354
"2391",142492.200164334
"2392",113196.323610542
"2393",172829.112063175
"2394",144356.762189975
"2395",221031.563377715
"2396",141297.049866077
"2397",232524.410124488
"2398",127104.116027641
"2399",73728.5320958679
"2400",73905.9339605865
"2401",123072.347060739
"2402",137192.415134932
"2403",148172.965930683
"2404",161546.140663501
"2405",161150.992470286
"2406",141352.039121435
"2407",122734.782550275
"2408",136222.433968459
"2409",122052.185162617
"2410",172864.717430314
"2411",114637.299218415
"2412",161207.558682752
"2413",131341.092591883
"2414",171577.061140262
"2415",135780.413129289
"2416",128325.989920063
"2417",140991.226200314
"2418",134279.432206583
"2419",133316.823181115
"2420",119113.928132052
"2421",193574339727734
"2422",108045.654438632
"2423",120203.036284568
"2424",149701.27609597
"2425",188059.93443851
"2426",130646.508865378
"2427",126336.479851494
"2428",175687.441029323
"2429",109385.171426378
"2430",127306.950735616
"2431",104603.259602559
"2432",136342.005305227
"2433",149669.2998688
"2434",144210.356308218
"2435",156014.251326907
"2436",107558.755658584
"2437",96717.1088863637
"2438",126787.410377034
"2439",98509.6257660195
"2440",121909.797089473
"2441",88199.0957562921
"2442",96717.1088863637
"2443",127714.566109469
"2444",132298.519836717
"2445",88674.7723936297
"2446",130256.365088072
"2447",194702.831925832
"2448",119941.038382252
"2449",108826.624234323
"2450",152892.810610472
"2451",106698.930995894
"2452",201325.242655031
"2453",94821.1073141426
"2454",123402.366335267
"2455",116431.025549996
"2456",145141.953084434
"2457",144954.93233689
"2458",135032.472947558
"2459",114603.194378387
"2460",141500.940899225
"2461",132613.814519381
"2462",141102.064546611
"2463",128730.975114163
"2464",182937.086483707
"2465",135113.884544222
"2466",121056.179445421
"2467",125254.854155139
"2468",79722.5920779492
"2469",89891.3332544115
"2470",196717.071384414
"2471",242078.766265423
"2472",150977.879371891
"2473",129564.552299108
"2474",65706.7239832457
"2475",205169.197424918
"2476",127758.420953772
"2477",133065.829468754
"2478",157417.933750439
"2479",110419.01758144
"2480",154204.865452073
"2481",116466.562901473
"2482",111230.719533106
"2483",106550.87703004
"2484",119633.053364695
"2485",128787.951804522
"2486",156044.011521867
"2487",148865.295524719
"2488",168964.695270912
"2489",150862.736320342
"2490",134791.617462076
"2491",84815.7116902777
"2492",199746.325266681
"2493",152297.899967559
"2494",136662.765768174
"2495",88668.6837892557
"2496",230706.089902133
"2497",151159.984538201
"2498",115951.446620237
"2499",80538.1207396975
"2500",139594.431846879
"2501",146192.175706882
"2502",142460.676904594
"2503",91974.6140118849
"2504",462772709426292
"2505",235189.959221587
"2506",243477.210436505
"2507",267652.33311803
"2508",241849.857174118
"2509",213669.622137725
"2510",217716.047960893
"2511",172914.84111475
"2512",202777.356799189
"2513",225258.650254015
"2514",299057.40027304
"2515",160775.209034776
"2516",180692.72626232
"2517",156492.290211691
"2518",169818.941445813
"2519",241140.509801722
"2520",221702.054068912
"2521",181835.025655297
"2522",227210.782491346
"2523",113672.312252801
"2524",143044.442050856
"2525",Inf
"2526",141357.431376655
"2527",114877.193887794
"2528",138244.167910433
"2529",172520.839254549
"2530",115533.766311352
"2531",256863.174747047
"2532",225461.534845116
"2533",191025.819666874
"2534",237976.82854688
"2535",283059.780013058
"2536",234055.083820133
"2537",252258.474601061
"2538",181566.090247221
"2539",177446.73906243
"2540",183248.592322774
"2541",181675.557140512
"2542",172004.335758977
"2543",111554.515289257
"2544",123023.530435289
"2545",135961.820614644
"2546",117810.668008762
"2547",123338.361936364
"2548",150610.879682216
"2549",156424.25034608
"2550",641168.757595642
"2551",144854.328692732
"2552",128188.996150854
"2553",71325.062457626
"2554",86670.202405201
"2555",116527.00129415
"2556",99279.9739723967
"2557",104130.284775142
"2558",143605.397785565
"2559",150560.32909528
"2560",153613.053166347
"2561",153062.043739425
"2562",150637.310607047
"2563",162880.253523465
"2564",227245.45475059
"2565",155242.475289026
"2566",166583.90485453
"2567",145692.236844742
"2568",198066.423779296
"2569",233653.646295588
"2570",114662.665806849
"2571",212262.548476145
"2572",151806.033073142
"2573",212254.451456952
"2574",23173.3539702443
"2575",139692.448173429
"2576",113580.420817588
"2577",0
"2578",75754.4433980274
"2579",60467.2501570523
"2580",74323.8015614917
"2581",84577.9156167442
"2582",90881.5802456603
"2583",283416.334221834
"2584",174188.614404552
"2585",189607.222406248
"2586",222016.887554676
"2587",196619.541479811
"2588",149028.933695698
"2589",150047.741824665
"2590",195591.677060731
"2591",233849.818544864
"2592",211276.988435865
"2593",246183.782215429
"2594",189316.680987576
"2595",194726.600812078
"2596",285449.6638812
"2597",185065.25009975
"2598",293510.3770742
"2599",306478.857861453
"2600",835732100435874
"2601",135822.892588836
"2602",81811.404814719
"2603",95928.5816967252
"2604",87470.0045556296
"2605",77114.8970249225
"2606",142674.954968959
"2607",205506.016696915
"2608",175479.803560725
"2609",175546.756562866
"2610",102529.973727885
"2611",144754.899258941
"2612",166936.325926696
"2613",126249.761251007
"2614",122750.702247982
"2615",155547.166269139
"2616",142159.926638182
"2617",191911.055770471
"2618",190452.461780699
"2619",198412.774309031
"2620",190845.18611743
"2621",174333.530601819
"2622",178564.430981046
"2623",232755.147190728
"2624",294369.285729925
"2625",271160.867103811
"2626",178687.083550033
"2627",169671.305468226
"2628",595618.506808528
"2629",502238.836116259
"2630",411723.882410904
"2631",465442.154665595
"2632",431334.811602869
"2633",333439.424347058
"2634",460887.295359658
"2635",145218.380019712
"2636",177345.232267982
"2637",166590.2596474
"2638",275565.550065691
"2639",189137.6635955
"2640",146880.853126439
"2641",106958.112615696
"2642",183632.065771374
"2643",105870.208766177
"2644",118199.600594445
"2645",112553.893467845
"2646",95614.3902444532
"2647",100287.914791192
"2648",154911.195554183
"2649",156069.014472657
"2650",140837.488170234
"2651",143921.283905449
"2652",414266.653777104
"2653",259714.586294131
"2654",260601.813181444
"2655",440927.365601226
"2656",340535.146873326
"2657",362323.583550893
"2658",311595.091057511
"2659",309042.890842392
"2660",358124.24344566
"2661",367672.926640935
"2662",379043.244300887
"2663",289209.146453549
"2664",292424.089291914
"2665",346883.540612607
"2666",294688.370580293
"2667",171888.893090055
"2668",176325.280765722
"2669",180611.408575874
"2670",271187.762749648
"2671",177297.882304083
"2672",196044.350642993
"2673",204740.748616957
"2674",195631.97185475
"2675",174699.680877801
"2676",187366.77982413
"2677",197962.183463787
"2678",223010.006989571
"2679",279947.789428474
"2680",298683.447459934
"2681",412525.669098145
"2682",329884.275746059
"2683",540581.832538316
"2684",314504.115663127
"2685",302910.582030744
"2686",238038.567603956
"2687",306698.732018322
"2688",213239.69041923
"2689",206622.236577333
"2690",422118.380698076
"2691",194601.846522616
"2692",139264.665459442
"2693",194392.617190287
"2694",132305.585528616
"2695",192102.957288427
"2696",182057.127772143
"2697",188232.187289818
"2698",184553.426469086
"2699",177415.604137074
"2700",156580.666822276
"2701",141764.600460885
"2702",106411.146718347
"2703",116794.90696249
"2704",140604.513543989
"2705",111608.14706209
"2706",102696.726648265
"2707",110544.611061062
"2708",130522.96984505
"2709",102302.59391869
"2710",133845.758417795
"2711",514565.055564038
"2712",385656.137534953
"2713",174204.562578536
"2714",147710.197383465
"2715",170684.017444918
"2716",141006.286492268
"2717",199402.210784569
"2718",219271.328649612
"2719",155178.530533177
"2720",183978.439397725
"2721",134726.845188745
"2722",161718.782741802
"2723",128252.582203754
"2724",122225.508387163
"2725",131286.992874115
"2726",153851.148337051
"2727",189267.57872028
"2728",183655.884341103
"2729",159929.846637737
"2730",156351.468521943
"2731",120716.776714778
"2732",135060.291644985
"2733",166837.012878683
"2734",137420.784518645
"2735",146045.022589074
"2736",145554.470620712
"2737",124972.31017487
"2738",132538.965180176
"2739",154136.644141402
"2740",134599.447812337
"2741",154308.431313186
"2742",153494.729327171
"2743",168746.978043422
"2744",166464.479855975
"2745",139342.249933235
"2746",138999.292350149
"2747",143957.523531744
"2748",119361.369453101
"2749",131948.735961415
"2750",125170.787933231
"2751",136992.641969649
"2752",163218.612821463
"2753",154758.808212641
"2754",226838.389645731
"2755",138009.165474806
"2756",86870.1274709546
"2757",63149.0556650859
"2758",85286.8043374657
"2759",179245.533568398
"2760",128555.292151048
"2761",142809.995752838
"2762",138664.584165031
"2763",187182.465673247
"2764",147006.41530624
"2765",276487.940828025
"2766",111522.178427449
"2767",89423.45667525
"2768",121289.146835141
"2769",137104.520917099
"2770",132152.243908859
"2771",99134.6507868889
"2772",114316.765135158
"2773",178633.923763113
"2774",156002.348838198
"2775",113022.869139595
"2776",142933.168419585
"2777",171243.583216914
"2778",110885.019656644
"2779",119307.652900057
"2780",91678.2688655808
"2781",97222.405167689
"2782",103260.833239356
"2783",107411.967048568
"2784",126187.168172103
"2785",139117.055536682
"2786",67034.3742576091
"2787",125863.144320641
"2788",80105.4802516641
"2789",169083.333948171
"2790",94563.1950439985
"2791",113355.341171402
"2792",55708.4412490859
"2793",127819.843035991
"2794",102596.485829826
"2795",124328.479838803
"2796",102271.378408018
"2797",199565.058286018
"2798",99377.7326168113
"2799",113759.070435959
"2800",68636.0915672385
"2801",105487.233473249
"2802",124740.833290098
"2803",151074.667446629
"2804",133222.263953882
"2805",94517.0328798952
"2806",77796.8389673677
"2807",184454.890620154
"2808",147546.881526242
"2809",132288.426645709
"2810",125186.068503063
"2811",162140.06190033
"2812",169101.394961203
"2813",150024.848102944
"2814",160693.046663474
"2815",95768.4344617244
"2816",206833.582535797
"2817",158495.300910778
"2818",129031.860856282
"2819",172226.255627007
"2820",142720.680282443
"2821",101518.085974875
"2822",157135.950782819
"2823",313718.071466626
"2824",176161.235996662
"2825",150162.262847504
"2826",131364.141833431
"2827",129679.268948361
"2828",211914.655415887
"2829",199891.152379696
"2830",224606.53290682
"2831",163936.209719639
"2832",250104.496181295
"2833",307003.073251175
"2834",224065.683786483
"2835",222410.209773231
"2836",188407.472763485
"2837",157965.339929569
"2838",160418.659286207
"2839",160291.424457413
"2840",208041.119246773
"2841",202313.767000886
"2842",228540.772687565
"2843",147387.119624131
"2844",180590.740423145
"2845",132580.430539428
"2846",205964.349892992
"2847",225092.008973073
"2848",221974.545232189
"2849",194811.301053382
"2850",274981.702718819
"2851",207193.683063575
"2852",244691.372346227
"2853",238868.146928612
"2854",134763.854104126
"2855",200969.208230294
"2856",196685.55643398
"2857",186410.03964271
"2858",201226.963309824
"2859",103372.763964198
"2860",133433.844073321
"2861",125633.851392628
"2862",170613.71228003
"2863",124607.666836932
"2864",236671.361010938
"2865",139921.776499941
"2866",135787.664779317
"2867",112909.103354954
"2868",92079.9308557456
"2869",107540.70379359
"2870",108282.494320101
"2871",84099.8301769672
"2872",60147.4753849928
"2873",96878.1034029278
"2874",151490.176767626
"2875",123437.206210006
"2876",164807.778538776
"2877",154242.51772034
"2878",168107.050734278
"2879",137938.637435285
"2880",109283.404594604
"2881",132725.155175483
"2882",188846.400908132
"2883",206444.179852154
"2884",178099.118539292
"2885",185145.747942752
"2886",246330.328005008
"2887",106887.957428608
"2888",145177.392457493
"2889",63621.5222528076
"2890",80961.3609814705
"2891",141883.623985581
"2892",34965.6019631244
"2893",58895.0825723252
"2894",43644.0670835396
"2895",347670.445694055
"2896",290205.987761037
"2897",212317.616398832
"2898",124712.285646302
"2899",205695.81855594
"2900",166963.074154337
"2901",178343.868476653
"2902",152230.522311752
"2903",314492.118512056
"2904",350140.714139088
"2905",Inf
"2906",187791.821239695
"2907",103235.626152153
"2908",125024.761647147
"2909",132240.99896142
"2910",79107.0141059663
"2911",80871.2290093648
"2912",151315.754730123
"2913",77252.1021539246
"2914",77579.3134444473
"2915",83547.9217326445
"2916",81283.1957701896
"2917",168200.703327555
"2918",121046.020432828
"2919",212546.138828145
